<annotation>
	<folder>data</folder>
	<filename>stethoscope-95.jpg</filename>
	<path>C:\Users\kumar\OneDrive\Desktop\ATA\Dataset\data\stethoscope-95.jpg</path>
	<source>
		<database>Unknown</database>
	</source>
	<size>
		<width>742</width>
		<height>900</height>
		<depth>3</depth>
	</size>
	<segmented>0</segmented>
	<object>
		<name>stethoscope</name>
		<pose>Unspecified</pose>
		<truncated>0</truncated>
		<difficult>0</difficult>
		<bndbox>
			<xmin>228</xmin>
			<ymin>131</ymin>
			<xmax>583</xmax>
			<ymax>588</ymax>
		</bndbox>
	</object>
</annotation>
