<annotation>
	<folder>data</folder>
	<filename>stethoscope-3.jpg</filename>
	<path>C:\Users\kumar\OneDrive\Desktop\ATA\Dataset\data\stethoscope-3.jpg</path>
	<source>
		<database>Unknown</database>
	</source>
	<size>
		<width>1296</width>
		<height>728</height>
		<depth>3</depth>
	</size>
	<segmented>0</segmented>
	<object>
		<name>stethoscope</name>
		<pose>Unspecified</pose>
		<truncated>0</truncated>
		<difficult>0</difficult>
		<bndbox>
			<xmin>99</xmin>
			<ymin>55</ymin>
			<xmax>527</xmax>
			<ymax>694</ymax>
		</bndbox>
	</object>
	<object>
		<name>stethoscope</name>
		<pose>Unspecified</pose>
		<truncated>0</truncated>
		<difficult>0</difficult>
		<bndbox>
			<xmin>512</xmin>
			<ymin>126</ymin>
			<xmax>792</xmax>
			<ymax>607</ymax>
		</bndbox>
	</object>
	<object>
		<name>stethoscope</name>
		<pose>Unspecified</pose>
		<truncated>0</truncated>
		<difficult>0</difficult>
		<bndbox>
			<xmin>837</xmin>
			<ymin>50</ymin>
			<xmax>1193</xmax>
			<ymax>668</ymax>
		</bndbox>
	</object>
</annotation>
