<annotation>
	<folder>stethoscope3</folder>
	<filename>stethoscope (25).jpg</filename>
	<path>C:\Users\kumar\OneDrive\Desktop\ATA\Dataset\stethoscope3\stethoscope (25).jpg</path>
	<source>
		<database>Unknown</database>
	</source>
	<size>
		<width>600</width>
		<height>400</height>
		<depth>3</depth>
	</size>
	<segmented>0</segmented>
	<object>
		<name>stethoscope</name>
		<pose>Unspecified</pose>
		<truncated>0</truncated>
		<difficult>0</difficult>
		<bndbox>
			<xmin>87</xmin>
			<ymin>52</ymin>
			<xmax>142</xmax>
			<ymax>139</ymax>
		</bndbox>
	</object>
	<object>
		<name>stethoscope</name>
		<pose>Unspecified</pose>
		<truncated>0</truncated>
		<difficult>0</difficult>
		<bndbox>
			<xmin>274</xmin>
			<ymin>22</ymin>
			<xmax>321</xmax>
			<ymax>114</ymax>
		</bndbox>
	</object>
	<object>
		<name>stethoscope</name>
		<pose>Unspecified</pose>
		<truncated>0</truncated>
		<difficult>0</difficult>
		<bndbox>
			<xmin>403</xmin>
			<ymin>78</ymin>
			<xmax>438</xmax>
			<ymax>169</ymax>
		</bndbox>
	</object>
	<object>
		<name>stethoscope</name>
		<pose>Unspecified</pose>
		<truncated>0</truncated>
		<difficult>0</difficult>
		<bndbox>
			<xmin>190</xmin>
			<ymin>92</ymin>
			<xmax>226</xmax>
			<ymax>144</ymax>
		</bndbox>
	</object>
</annotation>
