<annotation>
	<folder>stethoscope3</folder>
	<filename>stethoscope (36).jpg</filename>
	<path>C:\Users\kumar\OneDrive\Desktop\ATA\Dataset\stethoscope3\stethoscope (36).jpg</path>
	<source>
		<database>Unknown</database>
	</source>
	<size>
		<width>600</width>
		<height>400</height>
		<depth>3</depth>
	</size>
	<segmented>0</segmented>
	<object>
		<name>stethoscope</name>
		<pose>Unspecified</pose>
		<truncated>1</truncated>
		<difficult>0</difficult>
		<bndbox>
			<xmin>89</xmin>
			<ymin>310</ymin>
			<xmax>306</xmax>
			<ymax>400</ymax>
		</bndbox>
	</object>
	<object>
		<name>stethoscope</name>
		<pose>Unspecified</pose>
		<truncated>0</truncated>
		<difficult>0</difficult>
		<bndbox>
			<xmin>338</xmin>
			<ymin>261</ymin>
			<xmax>466</xmax>
			<ymax>382</ymax>
		</bndbox>
	</object>
</annotation>
