<annotation>
	<folder>stethoscope3</folder>
	<filename>stethoscope (5).jpg</filename>
	<path>C:\Users\kumar\OneDrive\Desktop\ATA\Dataset\stethoscope3\stethoscope (5).jpg</path>
	<source>
		<database>Unknown</database>
	</source>
	<size>
		<width>275</width>
		<height>183</height>
		<depth>1</depth>
	</size>
	<segmented>0</segmented>
	<object>
		<name>stethoscope</name>
		<pose>Unspecified</pose>
		<truncated>0</truncated>
		<difficult>0</difficult>
		<bndbox>
			<xmin>7</xmin>
			<ymin>46</ymin>
			<xmax>253</xmax>
			<ymax>152</ymax>
		</bndbox>
	</object>
</annotation>
