<annotation>
	<folder>stethoscope3</folder>
	<filename>stethoscope (97).jpg</filename>
	<path>C:\Users\kumar\OneDrive\Desktop\ATA\Dataset\stethoscope3\stethoscope (97).jpg</path>
	<source>
		<database>Unknown</database>
	</source>
	<size>
		<width>612</width>
		<height>586</height>
		<depth>3</depth>
	</size>
	<segmented>0</segmented>
	<object>
		<name>stethoscope</name>
		<pose>Unspecified</pose>
		<truncated>0</truncated>
		<difficult>0</difficult>
		<bndbox>
			<xmin>213</xmin>
			<ymin>390</ymin>
			<xmax>305</xmax>
			<ymax>535</ymax>
		</bndbox>
	</object>
</annotation>
