<annotation>
	<folder>data</folder>
	<filename>stethoscope-18.jpg</filename>
	<path>C:\Users\kumar\OneDrive\Desktop\ATA\Dataset\data\stethoscope-18.jpg</path>
	<source>
		<database>Unknown</database>
	</source>
	<size>
		<width>800</width>
		<height>533</height>
		<depth>3</depth>
	</size>
	<segmented>0</segmented>
	<object>
		<name>stethoscope</name>
		<pose>Unspecified</pose>
		<truncated>0</truncated>
		<difficult>0</difficult>
		<bndbox>
			<xmin>369</xmin>
			<ymin>210</ymin>
			<xmax>677</xmax>
			<ymax>512</ymax>
		</bndbox>
	</object>
</annotation>
