<annotation>
	<folder>data</folder>
	<filename>stethoscope-78.jpg</filename>
	<path>C:\Users\kumar\OneDrive\Desktop\ATA\Dataset\data\stethoscope-78.jpg</path>
	<source>
		<database>Unknown</database>
	</source>
	<size>
		<width>700</width>
		<height>869</height>
		<depth>3</depth>
	</size>
	<segmented>0</segmented>
	<object>
		<name>stethoscope</name>
		<pose>Unspecified</pose>
		<truncated>0</truncated>
		<difficult>0</difficult>
		<bndbox>
			<xmin>97</xmin>
			<ymin>262</ymin>
			<xmax>311</xmax>
			<ymax>700</ymax>
		</bndbox>
	</object>
</annotation>
