<annotation>
	<folder>data</folder>
	<filename>stethoscope-100.jpg</filename>
	<path>C:\Users\kumar\OneDrive\Desktop\ATA\Dataset\data\stethoscope-100.jpg</path>
	<source>
		<database>Unknown</database>
	</source>
	<size>
		<width>669</width>
		<height>900</height>
		<depth>3</depth>
	</size>
	<segmented>0</segmented>
	<object>
		<name>stethoscope</name>
		<pose>Unspecified</pose>
		<truncated>0</truncated>
		<difficult>0</difficult>
		<bndbox>
			<xmin>205</xmin>
			<ymin>204</ymin>
			<xmax>486</xmax>
			<ymax>530</ymax>
		</bndbox>
	</object>
</annotation>
