<annotation>
	<folder>data</folder>
	<filename>stethoscope-94.jpg</filename>
	<path>C:\Users\kumar\OneDrive\Desktop\ATA\Dataset\data\stethoscope-94.jpg</path>
	<source>
		<database>Unknown</database>
	</source>
	<size>
		<width>509</width>
		<height>340</height>
		<depth>3</depth>
	</size>
	<segmented>0</segmented>
	<object>
		<name>stethoscope</name>
		<pose>Unspecified</pose>
		<truncated>0</truncated>
		<difficult>0</difficult>
		<bndbox>
			<xmin>111</xmin>
			<ymin>40</ymin>
			<xmax>304</xmax>
			<ymax>314</ymax>
		</bndbox>
	</object>
</annotation>
