<annotation>
	<folder>data</folder>
	<filename>stethoscope-28.jpg</filename>
	<path>C:\Users\kumar\OneDrive\Desktop\ATA\Dataset\data\stethoscope-28.jpg</path>
	<source>
		<database>Unknown</database>
	</source>
	<size>
		<width>2000</width>
		<height>1333</height>
		<depth>3</depth>
	</size>
	<segmented>0</segmented>
	<object>
		<name>stethoscope</name>
		<pose>Unspecified</pose>
		<truncated>0</truncated>
		<difficult>0</difficult>
		<bndbox>
			<xmin>325</xmin>
			<ymin>666</ymin>
			<xmax>1260</xmax>
			<ymax>1266</ymax>
		</bndbox>
	</object>
</annotation>
