<annotation>
	<folder>data</folder>
	<filename>stethoscope-5.jpg</filename>
	<path>C:\Users\kumar\OneDrive\Desktop\ATA\Dataset\data\stethoscope-5.jpg</path>
	<source>
		<database>Unknown</database>
	</source>
	<size>
		<width>1332</width>
		<height>850</height>
		<depth>3</depth>
	</size>
	<segmented>0</segmented>
	<object>
		<name>stethoscope</name>
		<pose>Unspecified</pose>
		<truncated>0</truncated>
		<difficult>0</difficult>
		<bndbox>
			<xmin>614</xmin>
			<ymin>117</ymin>
			<xmax>1239</xmax>
			<ymax>788</ymax>
		</bndbox>
	</object>
</annotation>
