<annotation>
	<folder>stethoscope3</folder>
	<filename>stethoscope (58).jpg</filename>
	<path>C:\Users\kumar\OneDrive\Desktop\ATA\Dataset\stethoscope3\stethoscope (58).jpg</path>
	<source>
		<database>Unknown</database>
	</source>
	<size>
		<width>600</width>
		<height>341</height>
		<depth>3</depth>
	</size>
	<segmented>0</segmented>
	<object>
		<name>stethoscope</name>
		<pose>Unspecified</pose>
		<truncated>0</truncated>
		<difficult>0</difficult>
		<bndbox>
			<xmin>29</xmin>
			<ymin>63</ymin>
			<xmax>595</xmax>
			<ymax>288</ymax>
		</bndbox>
	</object>
</annotation>
