<annotation>
	<folder>new images</folder>
	<filename>facial mask (2).jpg</filename>
	<path>C:\Users\leech\Desktop\Data\new images\facial mask (2).jpg</path>
	<source>
		<database>Unknown</database>
	</source>
	<size>
		<width>612</width>
		<height>408</height>
		<depth>3</depth>
	</size>
	<segmented>0</segmented>
	<object>
		<name>Facial mask</name>
		<pose>Unspecified</pose>
		<truncated>0</truncated>
		<difficult>0</difficult>
		<bndbox>
			<xmin>235</xmin>
			<ymin>52</ymin>
			<xmax>350</xmax>
			<ymax>207</ymax>
		</bndbox>
	</object>
</annotation>
