<annotation>
	<folder>new images</folder>
	<filename>facial mask (9).jpg</filename>
	<path>C:\Users\leech\Desktop\Data\new images\facial mask (9).jpg</path>
	<source>
		<database>Unknown</database>
	</source>
	<size>
		<width>2000</width>
		<height>1428</height>
		<depth>3</depth>
	</size>
	<segmented>0</segmented>
	<object>
		<name>Facial mask</name>
		<pose>Unspecified</pose>
		<truncated>0</truncated>
		<difficult>0</difficult>
		<bndbox>
			<xmin>608</xmin>
			<ymin>196</ymin>
			<xmax>1373</xmax>
			<ymax>1255</ymax>
		</bndbox>
	</object>
</annotation>
