<annotation>
	<folder>new images</folder>
	<filename>facial mask (5).jpg</filename>
	<path>C:\Users\leech\Desktop\Data\new images\facial mask (5).jpg</path>
	<source>
		<database>Unknown</database>
	</source>
	<size>
		<width>1500</width>
		<height>2000</height>
		<depth>3</depth>
	</size>
	<segmented>0</segmented>
	<object>
		<name>Facial mask</name>
		<pose>Unspecified</pose>
		<truncated>0</truncated>
		<difficult>0</difficult>
		<bndbox>
			<xmin>320</xmin>
			<ymin>145</ymin>
			<xmax>1357</xmax>
			<ymax>1708</ymax>
		</bndbox>
	</object>
</annotation>
