<annotation>
	<folder>new images</folder>
	<filename>facial mask (7).jpg</filename>
	<path>C:\Users\leech\Desktop\Data\new images\facial mask (7).jpg</path>
	<source>
		<database>Unknown</database>
	</source>
	<size>
		<width>2000</width>
		<height>1600</height>
		<depth>3</depth>
	</size>
	<segmented>0</segmented>
	<object>
		<name>Facial mask</name>
		<pose>Unspecified</pose>
		<truncated>0</truncated>
		<difficult>0</difficult>
		<bndbox>
			<xmin>494</xmin>
			<ymin>125</ymin>
			<xmax>1465</xmax>
			<ymax>1289</ymax>
		</bndbox>
	</object>
</annotation>
