<annotation>
	<folder>new images</folder>
	<filename>facial mask (35).jpg</filename>
	<path>C:\Users\leech\Desktop\Data\new images\facial mask (35).jpg</path>
	<source>
		<database>Unknown</database>
	</source>
	<size>
		<width>626</width>
		<height>501</height>
		<depth>3</depth>
	</size>
	<segmented>0</segmented>
	<object>
		<name>Facial mask</name>
		<pose>Unspecified</pose>
		<truncated>0</truncated>
		<difficult>0</difficult>
		<bndbox>
			<xmin>161</xmin>
			<ymin>6</ymin>
			<xmax>426</xmax>
			<ymax>391</ymax>
		</bndbox>
	</object>
</annotation>
