<annotation>
	<folder>new images</folder>
	<filename>facial mask (92).jpg</filename>
	<path>C:\Users\leech\Desktop\Data\new images\facial mask (92).jpg</path>
	<source>
		<database>Unknown</database>
	</source>
	<size>
		<width>360</width>
		<height>240</height>
		<depth>3</depth>
	</size>
	<segmented>0</segmented>
	<object>
		<name>Facial mask</name>
		<pose>Unspecified</pose>
		<truncated>1</truncated>
		<difficult>0</difficult>
		<bndbox>
			<xmin>147</xmin>
			<ymin>1</ymin>
			<xmax>215</xmax>
			<ymax>103</ymax>
		</bndbox>
	</object>
</annotation>
