<annotation>
	<folder>new images</folder>
	<filename>facial mask (136).jpg</filename>
	<path>C:\Users\leech\Desktop\Data\new images\facial mask (136).jpg</path>
	<source>
		<database>Unknown</database>
	</source>
	<size>
		<width>626</width>
		<height>352</height>
		<depth>3</depth>
	</size>
	<segmented>0</segmented>
	<object>
		<name>Facial mask</name>
		<pose>Unspecified</pose>
		<truncated>1</truncated>
		<difficult>0</difficult>
		<bndbox>
			<xmin>331</xmin>
			<ymin>1</ymin>
			<xmax>463</xmax>
			<ymax>178</ymax>
		</bndbox>
	</object>
</annotation>
